{
  "project_info": {
    "project_number": "798253631225",
    "project_id": "poco--app00",
    "storage_bucket": "poco--app00.firebasestorage.app"
  },
  "client": [
    {
      "client_info": {
        "mobilesdk_app_id": "1:798253631225:android:f544a5b08647d4a545c428",
        "android_client_info": {
          "package_name": "com.app.mrx"
        }
      },
      "oauth_client": [
        {
          "client_id": "798253631225-npgjc86pegsa619bglfql8lg0d8vp7m1.apps.googleusercontent.com",
          "client_type": 3
        }
      ],
      "api_key": [
        {
          "current_key": "AIzaSyDeTaeqONrtFw0ZlquC_VjUrvqUQkvGkFE"
        }
      ],
      "services": {
        "appinvite_service": {
          "other_platform_oauth_client": [
            {
              "client_id": "798253631225-npgjc86pegsa619bglfql8lg0d8vp7m1.apps.googleusercontent.com",
              "client_type": 3
            }
          ]
        }
      }
    }
  ],
  "configuration_version": "1"
}